,Product Name,prodoct price,Country,Shiiping Cotst on this item,Product Condition
0, Pre-Order PS5 Skin Sticker Spider Man Decal Vinyl,ZAR 467.73,From China,Free International Shipping,Brand New
1,Silicone Gel Rubber Case Skin Protective Cover for PlayStation 5 PS5* Controller,ZAR 102.02,From United Kingdom,+ZAR 751.46 shipping estimate,Brand New
2,Choose Color - PS5 Controller Silicon Protective Skin ,ZAR 138.03,From United States,+ZAR 427.65 shipping estimate,"Largest Selection on eBay - FAST, FREE U.S. SHIPPING!"
3,Sony Playstation 5 Silicone Controller Skin Rubber STUDDED Cover Case Grips PS5,ZAR 143.48,From United Kingdom,+ZAR 164.21 shipping,Brand New
4,SPACE GALAXY PS5 PROTECTOR SKIN STICKER FOR PLAYSTATION 5 + 2 CONTROLLERS DECAL,ZAR 358.56,From China,Free International Shipping,Brand New
5, Pre-Order PS5 Skin Sticker The Last of Us part II 2. Decal Vinyl,ZAR 467.73,From China,Free International Shipping,Brand New
6,BATTLE ROYALE PS5 PROTECTOR SKIN STICKER FOR PLAYSTATION 5 + 2 CONTROLLERS DECAL,ZAR 358.56,From China,Free International Shipping,Brand New
7,NEW Skin Protector PS5 Controller SONY Playstation 5 ,ZAR 171.40,From China,Free International Shipping,Brand New
8,PS5 Controller Vinyl Decal Protector Skin Sticker For playstation 4 controller,ZAR 76.42,From China,+ZAR 15.60 shipping,Brand New
9,Silicone Cover Skin Protective Case For PS5 / Playstation 5 Controller Gamepad,ZAR 124.61,From United States,+ZAR 427.18 shipping estimate,Brand New
10,For Sony PlayStation 5 PS5 Controller Gamepad Crystal Protective Case Cover Skin,ZAR 152.09,From China,+ZAR 36.69 shipping,Brand New
11,Silicone Rubber Skin Cover Protective Gel Case for Playstation 5 PS5 Controller,ZAR 108.39,From United States,+ZAR 38.83 shipping,Brand New
12,PS5 DualSense Skin Transparent Clear PC Cover Ultra Slim Protector Case for,ZAR 155.65,From China,Free International Shipping,Brand New
13,Soft Silicone Gamepad Controller Case Skin Grip Cover For PS5 Playstation 5 UK,ZAR 100.58,From United Kingdom,+ZAR 164.21 shipping,Brand New
14,Performance Gaming Skin Rubber Case Cover Sony PS5 Dualsense Controller Grips,ZAR 122.43,From United States,+ZAR 202.75 shipping,Brand New
15,Set of Gaming Grips For Sony PS5 Controller Skin Rubber Case Analog Stick Covers,ZAR 184.82,From United States,+ZAR 202.75 shipping,Brand New
16,Silicone Rubber Skin Cover Protective Gel Case for Playstation 5 PS5 Controller,ZAR 108.39,From United States,Free International Shipping,Brand New
17,PlayStation 5 / PS5 Camouflage Case Skin Silicone Cover for DualSense Controller,ZAR 184.53,From United Kingdom,+ZAR 654.79 shipping estimate,Brand New
18,Pre-Order PS5 Skin Sticker The Last of Us part II 2. Decal Vinyl,ZAR 399.73,From China,Free International Shipping,Brand New
19,3X Gamepad Silicone Protective Case Cover Grip Skin for Sony PS5 Game Controller,ZAR 198.07 to ZAR 198.70,From China,Free International Shipping,Brand New
20,Silicone Gel Rubber Case Skin Protective Cover for PlayStation 5 PS5* Controller,ZAR 122.95,From China,+ZAR 319.80 shipping,Brand New
21,PS5 Console Sticker - Available for pre-order NOW! Sony Playstation 5 shell skin,ZAR 307.69,From United Kingdom,Shipping not specified,Brand New
22,Performance Gaming Skin Rubber Case Cover Sony PS5 Dualsense Controller Grips,ZAR 140.21,From United States,Shipping not specified,"Do to high demand and Pandemic, shipping may be delayed"
23,Jamaica Flag Playstation 4 (PS4) Controller Sticker / Skin / Wrap / PS5,ZAR 61.37,From United Kingdom,+ZAR 60.55 shipping,Brand New
24,2020 Silicone Protective Case Cover Skin For PlayStation PS5 5 NEW D9X8,ZAR 63.78,From China,Free International Shipping,Brand New
25,New ListingSilicone Protective Case Cover Skin For Playstation 5 Controller PS5 Hot Z1L0,ZAR 57.46,From China,Free International Shipping,Brand New
26,2x Comics Superhero Playstation 3 (PS3) Controller Sticker / Skin / 3ps5,ZAR 61.37,From United Kingdom,+ZAR 60.55 shipping,Brand New
27,Silicone Case Skin Protective Cover For Sony PlayStation 5 PS5 Controller,ZAR 140.52,From China,Free International Shipping,Brand New
28,Anti-Slip Silicone Rubber Skin Case Gel Cover Grip for Sony PS5 Controller US,ZAR 109.02,From United States,+ZAR 38.83 shipping,Brand New
29,protect Colors Silicone Camo Protective Skin Case color  Sony game 4 PS4 PS5,ZAR 71.74,From China,Free International Shipping,Brand New
30,Silicone Protective Case Sleeve Non-slip Skin Cover Frame for PS5 Controller,ZAR 102.22,From China,+ZAR 40.64 shipping,Brand New
31,Silicone Protective Case Sleeve Non-slip Skin Cover Frame for PS5 Controller,ZAR 97.09,From China,+ZAR 40.64 shipping,Brand New
32,For PS5 Controller Silicone Protective Camo Case Non-slip Soft Skin Cover Sleeve,ZAR 97.09,From China,+ZAR 40.64 shipping,Brand New
33,2020 Silicone Protective Case Cover Skin For Playstation 5 PS5 Controller NEW,ZAR 52.89,From China,Free International Shipping,Brand New
34,Silicone Cover For PS5 Controller Case Skin Cool Designs Extra Grip,ZAR 134.49,From Australia,+ZAR 101.83 shipping,Brand New
35,3X Gamepad Silicone Protective Case Cover Grip Skin for Sony PS5 Game Controller,ZAR 188.97 to ZAR 189.19,From China,Free International Shipping,Brand New
36,Silicone Rubber Skin Cover Protective Gel Case for Playstation 5 PS5 ON,ZAR 99.00,From Hong Kong,Free International Shipping,Brand New
37,3Pcs Silicone Protective Case Cover Skin For Playstation5 PS5 Controller Gamepad,ZAR 189.08 to ZAR 189.19,From China,Free International Shipping,Brand New
38,Borderlands 3 Arms Race Weapons ðŸ’£ PS4/PS5/Xbox One/X/PC ðŸ’£ Non-Modded DLC LV 65,ZAR 31.04 to ZAR 46.63,From United States,Free International Shipping,"Fast Delivery ðŸš€ 2,000+ Reviews âœ… Buy 5 Get 1 Free ðŸ”¥"
39,Silicone Cover For PS5 Controller Case Skin - Red/Black Swirls,ZAR 134.49,From Australia,+ZAR 101.83 shipping,Brand New
40,Camouflage Silicone Case Skin Protective Cover for Playstation 5 PS5 Controller,ZAR 53.81,From China,Free International Shipping,Brand New
41,PS4/PS5-Xbox/Series X/S-PC Borderlands 3 Like Follow Obey Skin Collection,ZAR 93.58,From United States,+ZAR 0.16 shipping,Brand New Â· Microsoft Xbox One Â· Borderlands
42,Controller Skin PS5 Silicone Cover Case Protective Playstation 5 Rubber Gel Sony,ZAR 87.24,From United Kingdom,Shipping not specified,Brand New
43,Silicone Protective Case Cover Skin For Playstation Controller PS5 Hot 5 T8T3,ZAR 70.24,From China,Free International Shipping,Brand New
44,3Pcs Silicone Protective Case Cover Skin For Playstation5 PS5 Controller Gamepad,ZAR 199.94 to ZAR 200.10,From China,Free International Shipping,Brand New
45,Silicone Rubber Skin Cover Protective Gel Case for Playstation 5 PS5 Controller,ZAR 73.15,From Hong Kong,Free International Shipping,Brand New
46,Silicone Cover + Thumb Grips For PS5 Controller Case Skin - Black,ZAR 168.40,From Australia,+ZAR 101.83 shipping,Brand New
47,Silicone Cover For PS5 Controller Case Skin - Red,ZAR 134.49,From Australia,+ZAR 101.83 shipping,Brand New
48,Silicone Game Controller Protective Cover for SONY PS5 Playstation 5 Skin Case ,ZAR 143.48,From United Kingdom,+ZAR 102.63 shipping,UK Seller âœ…Fast Delivery âœ…First Class Free Shipping ðŸ“«âœ…
49,PS5 DualSense Controller Joypad Custom Skins High Grade Silicone,ZAR 102.43,From United Kingdom,+ZAR 40.85 shipping,Brand New
50,Silicone Protective Case Cover Skin For PlayStation PS5 Gamepad 5 Hot K3L0,ZAR 68.39,From China,Free International Shipping,Brand New
51,Silicone Cover For PS5 Controller Case Skin - Green/Black Swirls,ZAR 134.49,From Australia,+ZAR 101.83 shipping,Brand New
52,Silicone Cover + Thumb Grips For PS5 Controller Case Skin - Red,ZAR 168.40,From Australia,+ZAR 101.83 shipping,Brand New
53,PS5 Clear PC Non-slip Cover Case for PlayStation 5 Controller Skin Protection,ZAR 113.92,From China,Free International Shipping,Brand New
54,Silicone Cover For PS5 Controller Case Skin - Blue/Black Swirls,ZAR 134.49,From Australia,+ZAR 101.83 shipping,Brand New
55,Soft Silicone Gamepad Controller Case Skin Grip Cover For PS5 Playstation 5,ZAR 91.21 to ZAR 96.74,From China,Free International Shipping,Brand New
56,Silicone Cover + Thumb Grips For PS5 Controller Case Skin - Blue,ZAR 168.40,From Australia,+ZAR 101.83 shipping,Brand New
57,Silicone Cover For PS5 Controller Case Skin - White,ZAR 134.49,From Australia,+ZAR 101.83 shipping,Brand New
58,Silicone Cover + Thumb Grips For PS5 Controller Case Skin - White,ZAR 168.40,From Australia,+ZAR 101.83 shipping,Brand New
59,Silicone Cover For PS5 Controller Case Skin - Blue,ZAR 134.49,From Australia,+ZAR 101.83 shipping,Brand New
60,2020 Silicone Protective Case Cover Skin For Playstation NEW Controller PS5 J3C5,ZAR 53.91,From China,Free International Shipping,Brand New
61,New Silicone Cover Protective Rubber Skin Gel Case Playstation 5 PS5 Controller,ZAR 107.61,From United States,+ZAR 418.14 shipping estimate,Black Neon Pink Neon Green Red Blue White Black Purple
62,2020 Silicone Protective Case Cover Skin For Playstation Hot Controller PS5 C2L7,ZAR 70.82,From China,Free International Shipping,Brand New
63,2020 Silicone Protective Case Cover Skin For Playstation 5 PS5 Controller Hot,ZAR 65.27,From China,Free International Shipping,Brand New
64,New Listing2020 Silicone Protective Case Cover Skin For Playstation Controller PS5 Hot U7Q5,ZAR 70.82,From China,Free International Shipping,Brand New
65,3PCS Gamepad Silicone Protective Case Cover Grip Skin for PS5 Game Controller,ZAR 163.18 to ZAR 164.00,From China,Free International Shipping,Brand New
66,New ListingPS5 Controller Silicone Cover Sony PlayStation 5 Skin Anti-Slip Controller Case,ZAR 307.69,From United Kingdom,+ZAR 664.43 shipping estimate,Brand New
67,2020 Silicone Protective Case Cover Skin For Playstation PS5 5 Hot G6I8,ZAR 70.82,From China,Free International Shipping,Brand New
68,PS5 Silicone Controller Case Cover Skin Studded Anti Slip + Thumb Grips Gaming ,ZAR 132.39,From United Kingdom,+ZAR 661.77 shipping estimate,Brand New
69,2020 Silicone Protective Case Cover Skin For Playstation PS5 Controller Hot C2E2,ZAR 65.48,From China,Free International Shipping,Brand New
70,Soft Silicone Gamepad Controller Case Skin Grip Cover For PS5 Playstation 5,ZAR 107.46,From China,Free International Shipping,Brand New
71,Silicone Protective Case Cover Skin For Playstation 5 Gamepad PS5 Hot B7K4,ZAR 53.81,From China,Free International Shipping,Brand New
72,Silicone Game Controller Protective Cover for SONY PS5 Joystick Skin Case - UK,ZAR 81.08,From United Kingdom,Shipping not specified,Brand New
73,Gamepad Clear Protective Case Cover Shell Skin For Playstation 5 PS5 Controller,ZAR 142.25,From China,+ZAR 40.85 shipping,Brand New
74,Borderlands 3 DEAD WINTER SKINS Designers Cut DLC5 Arms Race Reward PC PS5 XBOX!,ZAR 31.19 to ZAR 93.58,From United States,+ZAR 0.16 shipping,Brand New
75,New PS5 Controller Silicone Cover Sony PlayStation 5 Controller Skin Case 2020,ZAR 307.69,From United Kingdom,+ZAR 664.43 shipping estimate,Brand New
76,2X PS5 SKIN Sticker For Sony PlayStation4 Game Controller,ZAR 137.09,From China,Shipping not specified,Brand New
77,2X PS5 SKIN Sticker For Sony PlayStation4 Game Controller,ZAR 144.27,From China,Shipping not specified,Brand New
78,Pack Of 2 Silicone Ps5 Controller Skin.,ZAR 405.35,From United States,Shipping not specified,Brand New
79,Pre-Order Custom Design for PS5 Skin Sticker The Last of Us part II 2,ZAR 545.71,From China,Shipping not specified,Brand New
80,Pack Of 2 Silicone Ps5 Controller Skin.,ZAR 233.94,From United States,Shipping not specified,Brand New
81,New ListingSilicone Cover Skin Protective Case for PS5 PlayStation 5 Controller Gamepad New,ZAR 140.21,From United States,Shipping not specified,Brand New
82,PS5 Controller Skin â”‚30 Colours ,ZAR 143.68,From United Kingdom,Shipping not specified,Brand New
83,New ListingSilicone PS5 Playstation 5 Controller Cover Skin Case  - White,ZAR 124.21,From Australia,Shipping not specified,Brand New
84,Silicone Cover For PS5 Controller Case Skin Cool Designs Extra Grip,ZAR 158.11,From Australia,Shipping not specified,Brand New
85,Pack Of 2 Silicone Ps5 Controller Skin.,ZAR 405.35,From United States,Shipping not specified,Brand New
86,Silicone PS5 Playstation 5 Controller Cover Skin Case  - Black,ZAR 124.21,From Australia,Shipping not specified,Brand New
87,New ListingSilicone PS5 Playstation 5 Controller Cover Skin Case  - Black and Red Swirls,ZAR 124.21,From Australia,Shipping not specified,Brand New
88,New ListingSilicone PS5 Playstation 5 Controller Cover Skin Case  - Black and Blue Swirls,ZAR 124.21,From Australia,Shipping not specified,Brand New
89,PS5 Controller Cover/Skin - Protective Rubber Grips PlayStation 5,ZAR 101.72,From Australia,Shipping not specified,Brand New
90,Silicone Cover Skin Case for Sony PS5 DualSense Controller (Black) Thumb Grip,ZAR 389.79,From United Kingdom,+ZAR 266.64 shipping,Brand New
91,Silicone Cover Skin Case for Sony PS5 DualSense Controller (Black) Thumb Grip,ZAR 325.18,From United Kingdom,+ZAR 266.85 shipping,Brand New
92,PS5 Game Controller Silicone Skin Red,ZAR 102.63,From United Kingdom,Shipping not specified,Brand New Â· Unbranded
93,Hard PC Clear Shell Protective Case Cover Skin For Sony PS5 Controller,ZAR 59.24,From Canada,Shipping not specified,Brand New
94,PS5 Game Controller Silicone Skin Blue,ZAR 102.63,From United Kingdom,Shipping not specified,Brand New Â· Unbranded
95,PS5 Game Controller Silicone Skin Black,ZAR 102.63,From United Kingdom,Shipping not specified,Brand New Â· Unbranded
96,PS5 Controller Grip Cover Sony PlayStation 5 Anti-Slip Skin Silicone Case 1 Pack,ZAR 296.17,From United States,Shipping not specified,Brand New
97,PS5 Game Controller Silicone Skin White,ZAR 102.63,From United Kingdom,Shipping not specified,Brand New Â· Unbranded
98,Hard PC Clear Shell Protective Case Cover Skin For Sony PS5 Controller,ZAR 118.48,From Canada,Shipping not specified,Brand New
99,Silicone Gel Rubber Case Skin Protective Cover for PlayStation 5 PS5* Controller,ZAR 98.32,From United Kingdom,Shipping not specified,Brand New
100,Crystal Protective Case Cover Skin For Sony Playstation 5 PS5 Controller Gamepad,ZAR 142.25,From China,+ZAR 40.85 shipping,Brand New
101,3* Silicone Protective Case Cover Skin For Playstation 5 PS5 Controller Gamepad,ZAR 187.38 to ZAR 187.95,From China,Free International Shipping,Brand New
102,3PCS Gamepad Silicone Protective Case Cover Grip Skin for PS5 Game Controller,ZAR 199.94 to ZAR 200.10,From China,Free International Shipping,Brand New
103,Camo Silicone Rubber Soft Skin Case Cover Grip for PlayStation 5 PS5 Controller,ZAR 83.88,From China,+ZAR 54.94 shipping,Brand New
104,Silicone Cover For PS5 Controller Case Skin - Black,ZAR 134.49,From Australia,+ZAR 101.83 shipping,Brand New
105,Soft Silicone Gamepad Controller Case Skin Grip Cover For PS5 Playstation 5,ZAR 102.16,From China,Free International Shipping,Brand New
106,3X Gamepad Silicone Protective Case Cover Grip Skin for Sony PS5 Game Controller,ZAR 160.52 to ZAR 160.93,From China,Free International Shipping,Brand New
107,PS5 Silicone Controller Case Cover Skin Studded Anti Slip + Thumb Grips Gaming*,ZAR 132.39,From United Kingdom,+ZAR 653.97 shipping estimate,Brand New
108,3* Silicone Protective Case Cover Skin For Playstation 5 PS5 Controller Gamepad,ZAR 198.07 to ZAR 198.85,From China,Free International Shipping,Brand New
109,Silicone Protective Case Cover Skin For Playstation 5 PS5 Controller Gamepad ,ZAR 102.43,From United Kingdom,Shipping not specified,Brand New
